full_name,zip,email
Debra Barnes,94131,dbarnes0@ihg.com
Timothy Gonzales,94118,tgonzales1@edublogs.org
Rachel Williamson,94130,rwilliamson2@mapy.cz
Billy Wright,94121,bwright3@timesonline.co.uk
Elizabeth Smith,94111,esmith4@columbia.edu
Margaret Vasquez,94114,mvasquez5@rakuten.co.jp
Donna Murphy,94102,dmurphy6@gravatar.com
Bonnie Russell,94131,brussell7@aol.com
Mary Martinez,94103,mmartinez8@yellowpages.com
Nicole Clark,94134,nclark9@java.com
Mildred Vasquez,94122,mvasqueza@discuz.net
Kathryn Miller,94132,kmillerb@howstuffworks.com
Jennifer Sims,94133,jsimsc@tamu.edu
Larry Grant,94105,lgrantd@deviantart.com
Roger Rivera,94108,rriverae@about.com
Joan Carr,94105,jcarrf@mail.ru
David Ross,94112,drossg@amazon.co.uk
Walter Watkins,94110,wwatkinsh@reverbnation.com
George Oliver,94102,goliveri@netvibes.com
Judith Torres,94127,jtorresj@economist.com
Craig Berry,94124,cberryk@apple.com
Matthew Perkins,94111,mperkinsl@marriott.com
Barbara Spencer,94104,bspencerm@disqus.com
Jack Russell,94109,jrusselln@ocn.ne.jp
Marilyn Palmer,94130,mpalmero@hc360.com
Gary Howard,94108,ghowardp@oracle.com
Kenneth Coleman,94108,kcolemanq@huffingtonpost.com
Terry Morales,94130,tmoralesr@pinterest.com
Douglas Little,94111,dlittles@nasa.gov
Steven Jones,94132,sjonest@unblog.fr
Russell Patterson,94127,rpattersonu@t.co
Kathryn Matthews,94111,kmatthewsv@sogou.com
Antonio Fernandez,94108,afernandezw@discuz.net
Jesse Knight,94112,jknightx@bigcartel.com
Chris Hart,94103,charty@discuz.net
John Cox,94133,jcoxz@msn.com
Susan Gibson,94121,sgibson10@si.edu
Walter Cunningham,94109,wcunningham11@nih.gov
Arthur Watson,94131,awatson12@ftc.gov
Catherine Vasquez,94117,cvasquez13@creativecommons.org
Anthony Grant,94117,agrant14@bravesites.com
Ruby Wilson,94130,rwilson15@parallels.com
Richard Bell,94123,rbell16@ox.ac.uk
Peter Sanders,94124,psanders17@mayoclinic.com
Dennis Castillo,94122,dcastillo18@drupal.org
Ronald Weaver,94115,rweaver19@nbcnews.com
Juan Burns,94117,jburns1a@reddit.com
Paul Lynch,94107,plynch1b@bigcartel.com
Joyce Lawrence,94117,jlawrence1c@accuweather.com
Kimberly Hamilton,94108,khamilton1d@cnn.com
